taztarg-3-11,2,0.2
taztarg-3-12,0,1.00E-06
taztarg-3-21,39,3.9
taztarg-3-22,22,2.2
taztarg-5-11,0,1.00E-06
taztarg-5-12,36057,3605.699932
taztarg-5-21,684,68.4
taztarg-5-22,11855,1185.499895
redevel-3,167,16.7
redevel-5,42797,4279.699989
fartarg-3,0.0003,3.00E-05
fartarg-5,0.127,0.012688578
